"Source:","/home/michal/Desktop/Inverter32/STM32Inverter.kicad_sch"
"Date:","Å›ro, 17 maj 2023, 16:08:58"
"Tool:","Eeschema 7.0.1"
"Generator:","/usr/share/kicad/plugins/bom_csv_grouped_by_value.py"
"Component Count:","154"

"Collated Components:"

"Item","Qty","Reference(s)","Value","LibPart","Footprint","Datasheet","DNP","Field4","Height","LCSC","MPN","Manufacturer_Name","Manufacturer_Part_Number","Mouser","Mouser Part Number","Mouser Price/Stock","Sim.Device","Sim.Pins","TME"
"1","15","C1, C2, C3, C4, C5, C7, C12, C14, C16, C22, C24, C25, C26, C28, C31","1u","Device:C","Capacitor_SMD:C_0402_1005Metric_Pad0.74x0.62mm_HandSolder","~","","","","C126521","","","","","","","","",""
"2","1","C6","10n","Device:C","Capacitor_SMD:C_0603_1608Metric_Pad1.08x0.95mm_HandSolder","~","","","","","","","","","","","","",""
"3","5","C8, C11, C17, C29, C30","100n","Device:C","Capacitor_SMD:C_0603_1608Metric_Pad1.08x0.95mm_HandSolder","~","","","","","","","","","","","","",""
"4","4","C9, C10, C13, C15","DNP","Device:C","Capacitor_SMD:C_0603_1608Metric_Pad1.08x0.95mm_HandSolder","~","","","","","","","","","","","","",""
"5","2","C18, C19","100p","Device:C","Capacitor_SMD:C_0603_1608Metric_Pad1.08x0.95mm_HandSolder","~","","","","","","","","","","","","",""
"6","1","C20","100u","Device:C_Polarized","Capacitor_SMD:CP_Elec_6.3x7.7","~","","","","","","","","","","","","",""
"7","1","C21","100uF 25V","Device:C_Polarized","Capacitor_SMD:CP_Elec_8x6.2","~","","","","","","","","","","","","",""
"8","2","C23, C33","22uF 10V","Device:C","Capacitor_SMD:C_1206_3216Metric","~","","","","C920963","","","","","","","","",""
"9","1","C27","100nF","Device:C","Capacitor_SMD:C_0603_1608Metric","~","","","","","","","","","","","","",""
"10","5","D1, D2, D3, D8, D10","1N4148","MEMS_Discrete_Semiconductors:D_1N4148WS-SOD323","Diode_SMD:D_SOD-323","https://www.mouser.com/datasheet/2/308/1/1N4148WS_D-3006419.pdf","","","","C727111","1N4148WS","","","512-1N4148WS","","","D","1=K 2=A",""
"11","1","D4","1N4007","Device:D","Diode_SMD:D_SMA_Handsoldering","~","","","","C727081","","","","","","","D","1=K 2=A",""
"12","1","D5","LED","Device:LED","LED_SMD:LED_0805_2012Metric_Pad1.15x1.40mm_HandSolder","~","","","","","","","","","","","","",""
"13","3","D6, D11, D12","BZT52C3V6","Device:D_Zener","Diode_SMD:D_SOD-123","~","","","","C2891771","","","","833-BZT52C3V6-TP ","","","","","BZT52C3V6-13-F"
"14","1","D7","BZT52C5V6","Device:D_Zener","Diode_SMD:D_SOD-123","~","","",""," C2119","","","","833-BZT52C3V6-TP ","","","","","BZT52C3V6-13-F"
"15","1","D9","PESD3V3L5UY","Power_Protection:PESD3V3L5UY","Package_TO_SOT_SMD:SOT-363_SC-70-6","https://assets.nexperia.com/documents/data-sheet/PESDXL5UF_V_Y.pdf","","","","","","","","","","","","",""
"16","4","F1, F2, F3, F4","350mA","Device:Polyfuse","Fuse:Fuse_0805_2012Metric","~","","","","","","","","","","","","","SR035-06"
"17","1","F5","2A","Device:Polyfuse","Fuse:Fuse_0805_2012Metric","~","","","","","","","","","","","","","SR035-06"
"18","4","H1, H2, H3, H4","MountingHole_Pad","Mechanical:MountingHole_Pad","MountingHole:MountingHole_4.3mm_M4_Pad_Via","~","","","","","","","","","","","","",""
"19","1","J1","STLINK","Connector:Conn_01x04_Pin","Connector_PinHeader_2.54mm:PinHeader_1x04_P2.54mm_Vertical","~","","","","","","","","","","","","",""
"20","1","J2","CURRENT SENSE","DF51K-4P-2DS_805_:DF51K-4P-2DS_805_","DF51-4:DF51K4P2DS805","https://www.hirose.com/product/document?clcode=CL0550-0444-0-00&productname=HT801%2fDF51K-30S(A)&series=DF51K&documenttype=Catalog&lang=en&documentid=D176369_en","","","6.3","","","Hirose","DF51K-4P-2DS(805)","","798-DF51K-4P-2DS805","https://www.mouser.co.uk/ProductDetail/Hirose-Connector/DF51K-4P-2DS805?qs=T3oQrply3y9mwzpVKK8SRQ%3D%3D","","",""
"21","1","J5","UART","Connector:Conn_01x03_Pin","Connector_PinHeader_2.54mm:PinHeader_1x03_P2.54mm_Vertical","~","","","","","","","","","","","","",""
"22","1","J6","INTERFACE","DF51K-20DP-2DS_805_:DF51K-20DP-2DS_805_","DF51-20:DF51K20DP2DS805","https://datasheet.datasheetarchive.com/originals/distributors/Datasheets_SAMA/b88f126ffe47bcdf3ba57a1a8deadba0.pdf","","","8.75","","","Hirose","DF51K-20DP-2DS(805)","","798-DF51K-20DP2DS805","https://www.mouser.co.uk/ProductDetail/Hirose-Connector/DF51K-20DP-2DS805?qs=T3oQrply3y%2Flrn%252B0UffFVQ%3D%3D","","",""
"23","1","J7","POWER","DF51K-8DP-2DS_805_:DF51K-8DP-2DS_805_","DF51-8:DF51K8DP2DS805","https://datasheet.datasheetarchive.com/originals/distributors/Datasheets_SAMA/9205a3776c5109c220030d8d99e395ce.pdf","","","9.05","","","Hirose","DF51K-8DP-2DS(805)","","798-DF51K8DP2DS805","https://www.mouser.co.uk/ProductDetail/Hirose-Connector/DF51K-8DP-2DS805?qs=T3oQrply3y%2FH0G%252BDgCEPXQ%3D%3D","","",""
"24","1","J8","501571-2007","501571-2007:501571-2007","picoclasp:5015712007","http://www.molex.com/webdocs/datasheets/pdf/en-us//5015712007_PCB_HEADERS.pdf","","","8.45","","","Molex","501571-2007","","538-501571-2007","https://www.mouser.co.uk/ProductDetail/Molex/501571-2007?qs=moO%2F8p2KOt9iPPalAz5DNA%3D%3D","","",""
"25","1","J9","RESOLVER","DF51K-20DP-2DS_805_:DF51K-20DP-2DS_805_","DF51-20:DF51K20DP2DS805","https://datasheet.datasheetarchive.com/originals/distributors/Datasheets_SAMA/b88f126ffe47bcdf3ba57a1a8deadba0.pdf","","","8.75","","","Hirose","DF51K-20DP-2DS(805)","","798-DF51K-20DP2DS805","https://www.mouser.co.uk/ProductDetail/Hirose-Connector/DF51K-20DP-2DS805?qs=T3oQrply3y%2Flrn%252B0UffFVQ%3D%3D","","",""
"26","6","JP1, JP2, JP3, JP4, JP5, JP6","~","MEMS_Passive:SolderableJumper","MEMS_Passive:R_0805_2012Metric_Jumper","~","","","","","NO_MPN","","","","","","","",""
"27","2","Q1, Q5","BCX54","Device:Q_NPN_BCE","Package_TO_SOT_SMD:SOT-89-3","~","","","","C475647","","","","","","","","",""
"28","2","Q2, Q6","BCX55","Device:Q_PNP_BCE","Package_TO_SOT_SMD:SOT-89-3","~","","","","C475649","","","","","","","","",""
"29","1","Q4","ST3422A","Device:Q_NMOS_GSD","Package_TO_SOT_SMD:SOT-23-3","~","","","","","","","","","","","","",""
"30","1","R1","4.7k","Device:R","Resistor_SMD:R_0603_1608Metric_Pad0.98x0.95mm_HandSolder","~","","","","","","","","","","","","",""
"31","2","R2, R3","68k","Device:R","Resistor_SMD:R_0603_1608Metric_Pad0.98x0.95mm_HandSolder","~","","","","","","","","","","","","",""
"32","2","R4, R5","22k","Device:R","Resistor_SMD:R_0603_1608Metric_Pad0.98x0.95mm_HandSolder","~","","","","","","","","","","","","",""
"33","22","R6, R7, R8, R9, R16, R17, R23, R24, R25, R26, R27, R28, R33, R37, R38, R39, R40, R42, R44, R51, R52, R53","10k","Device:R","Resistor_SMD:R_0603_1608Metric_Pad0.98x0.95mm_HandSolder","~","","","","","","","","","","","","",""
"34","11","R10, R11, R12, R13, R14, R15, R41, R43, R45, R50, R54","2.2k","Device:R","Resistor_SMD:R_0603_1608Metric_Pad0.98x0.95mm_HandSolder","~","","","","","","","","","","","","",""
"35","1","R18","470","Device:R","Resistor_SMD:R_0603_1608Metric_Pad0.98x0.95mm_HandSolder","~","","","","","","","","","","","","",""
"36","6","R19, R30, R31, R32, R34, R36","4.7k","Device:R","Resistor_SMD:R_0603_1608Metric","~","","","","","","","","","","","","",""
"37","3","R20, R29, R35","2.7k","Device:R","Resistor_SMD:R_0603_1608Metric","~","","","","","","","","","","","","",""
"38","1","R21","1k","Device:R","Resistor_SMD:R_0603_1608Metric","~","","","","","","","","","","","","",""
"39","1","R22","120","Device:R","Resistor_SMD:R_0603_1608Metric","~","","","","","","","","","","","","",""
"40","4","R46, R47, R48, R49","~","Device:R","Resistor_SMD:R_0603_1608Metric","~","","","","","","","","","","","","",""
"41","1","TH1","Thermistor_NTC","Device:Thermistor_NTC","Resistor_SMD:R_0805_2012Metric_Pad1.20x1.40mm_HandSolder","~","","","","SDNT2012X473J3950HTF","","","","","","","","",""
"42","1","TP1","A","Connector:TestPoint","TestPoint:TestPoint_Pad_D1.0mm","~","","","","","","","","","","","","",""
"43","1","TP2","B","Connector:TestPoint","TestPoint:TestPoint_Pad_D1.0mm","~","","","","","","","","","","","","",""
"44","1","TP3","NM","Connector:TestPoint","TestPoint:TestPoint_Pad_D1.0mm","~","","","","","","","","","","","","",""
"45","1","TP4","DIR","Connector:TestPoint","TestPoint:TestPoint_Pad_D1.0mm","~","","","","","","","","","","","","",""
"46","10","TP5, TP6, TP7, TP8, TP9, TP10, TP11, TP12, TP13, TP14","TestPoint","Connector:TestPoint","TestPoint:TestPoint_Pad_D1.0mm","~","","","","","","","","","","","","",""
"47","1","U1","STM32F303VCTx","MCU_ST_STM32F3:STM32F303VCTx","Package_QFP:LQFP-100_14x14mm_P0.5mm","https://www.st.com/resource/en/datasheet/stm32f303vc.pdf","","","","C40764","","","","","","","","",""
"48","1","U2","LM358","Amplifier_Operational:LM358","Package_SO:SO-8_3.9x4.9mm_P1.27mm","http://www.ti.com/lit/ds/symlink/lm2904-n.pdf","","","","C9418","","","","","","","","",""
"49","1","U3","AD2S1205","MEMS_IC:AD2S1205","Package_QFP:LQFP-44_10x10mm_P0.8mm","https://www.analog.com/media/en/technical-documentation/data-sheets/AD2S1205.pdf","","","","","","","","","","","","",""
"50","1","U4","74HCT00","74xx:74LS00","Package_SO:SOIC-14_3.9x8.7mm_P1.27mm","http://www.ti.com/lit/gpn/sn74ls00","","","","MM74HCT00M","","","","","","","","",""
"51","1","U5","74HCT04","74xx:74AHC04","Package_SO:SOIC-14_3.9x8.7mm_P1.27mm","https://assets.nexperia.com/documents/data-sheet/74AHC_AHCT04.pdf","","","","C553166","","","","","","","","",""
"52","3","U6, U8, U9","74HCT08","74xx:74LS08","Package_SO:SOIC-14_3.9x8.7mm_P1.27mm","http://www.ti.com/lit/gpn/sn74LS08","","","","C900098","","","","","","","","",""
"53","1","U7","MCP2551-I-SN","Interface_CAN_LIN:MCP2551-I-SN","Package_SO:SOIC-8_3.9x4.9mm_P1.27mm","http://ww1.microchip.com/downloads/en/devicedoc/21667d.pdf","","","","","","","","","","","","","MCP2551-E/SN"
"54","1","U10","ULN2002","Transistor_Array:ULN2002","Package_SO:SOP-16_3.9x9.9mm_P1.27mm","http://www.ti.com/lit/ds/symlink/uln2003a.pdf","","C5252903","","","","","","","","","","",""
"55","2","U11, U12","LM393","Comparator:LM393","Package_SO:SO-8_3.9x4.9mm_P1.27mm","http://www.ti.com/lit/ds/symlink/lm393.pdf","","","","C5252905","","","","","","","","",""
"56","2","Y2, Y3","CSTNE8M00GH5C000R0","Device:Crystal_GND2","Crystal:Resonator_SMD_Murata_CSTxExxV-3Pin_3.0x1.1mm_HandSoldering","~","","","","C341525","","","","","","","","",""
